Position,Residue,Predict_label,Predict_probability
12,K,0,0.38
13,P,0,0.38
14,T,0,0.38
15,P,0,0.38
16,D,0,0.38
17,Y,0,0.38
18,L,0,0.428
20,Q,0,0.38
21,L,0,0.428
23,N,0,0.38
24,D,0,0.38
25,K,0,0.38
26,K,0,0.38
27,L,0,0.38
29,S,0,0.38
39,N,0,0.38
40,H,0,0.38
41,L,0,0.38
42,E,0,0.38
43,R,0,0.38
44,L,0,0.38
45,L,0,0.428
46,D,0,0.38
47,E,0,0.38
48,E,0,0.38
49,I,0,0.428
50,S,0,0.38
51,R,0,0.38
52,V,1,0.51
53,R,0,0.38
54,K,0,0.38
55,D,0,0.38
57,Y,0,0.38
58,N,0,0.38
59,D,0,0.38
60,T,0,0.38
69,S,0,0.38
70,A,0,0.38
71,E,0,0.38
72,L,0,0.428
73,P,0,0.38
74,D,0,0.38
75,A,0,0.38
76,V,0,0.38
77,G,0,0.38
78,P,0,0.38
79,I,0,0.38
80,V,0,0.428
81,Q,0,0.38
82,L,0,0.428
83,Q,0,0.38
84,E,0,0.38
85,K,0,0.38
86,L,0,0.428
87,Y,0,0.38
88,V,0,0.428
89,P,0,0.46
90,V,0,0.38
91,K,0,0.38
92,E,0,0.38
93,Y,0,0.38
94,P,0,0.38
95,D,0,0.38
96,F,0,0.428
97,N,0,0.38
98,F,1,0.51
99,V,1,0.598
100,G,0,0.428
101,R,0,0.428
102,I,0,0.428
103,L,1,0.598
104,G,0,0.428
105,P,1,0.598
106,R,0,0.38
107,G,0,0.38
108,L,0,0.428
109,T,0,0.428
110,A,0,0.428
111,K,0,0.38
112,Q,0,0.38
113,L,0,0.428
114,E,0,0.38
115,A,0,0.38
116,E,0,0.38
117,T,0,0.428
118,G,0,0.38
119,C,0,0.428
120,K,0,0.38
121,I,0,0.428
123,V,0,0.428
124,R,0,0.428
125,G,0,0.428
126,K,0,0.38
127,G,0,0.38
128,S,0,0.38
130,R,0,0.38
131,D,0,0.38
132,K,0,0.38
133,K,0,0.38
134,K,0,0.38
135,E,0,0.38
136,E,0,0.38
137,Q,0,0.38
138,N,0,0.38
139,R,0,0.38
140,G,0,0.38
141,K,0,0.38
142,P,0,0.38
143,N,0,0.38
144,W,0,0.428
145,E,0,0.38
146,H,0,0.38
147,L,0,0.428
148,N,0,0.38
149,E,0,0.38
150,D,0,0.38
151,L,0,0.428
152,H,0,0.428
153,V,1,0.51
154,L,0,0.428
155,I,0,0.428
156,T,0,0.428
157,V,1,0.51
158,E,0,0.38
159,D,0,0.428
160,A,0,0.428
161,Q,0,0.38
162,N,0,0.38
163,R,1,0.51
164,A,0,0.428
165,E,0,0.38
166,I,0,0.428
167,K,0,0.428
168,L,0,0.428
169,K,0,0.38
170,R,0,0.38
171,A,0,0.428
172,V,1,0.51
173,E,0,0.38
174,E,0,0.38
175,V,0,0.428
176,K,0,0.38
177,K,0,0.38
178,L,0,0.428
179,L,1,0.51
180,V,0,0.38
181,P,0,0.38
182,A,0,0.38
183,A,0,0.38
184,E,0,0.38
185,G,0,0.38
186,E,0,0.38
187,D,0,0.38
188,S,0,0.38
189,L,0,0.428
190,K,1,0.51
191,K,0,0.38
193,Q,1,0.598
194,L,1,0.51
196,E,0,0.38
197,L,0,0.428
198,A,1,0.51
199,I,0,0.428
200,L,0,0.428
201,N,0,0.38
202,G,0,0.38
203,T,0,0.38
204,Y,0,0.38
